dim,element,before,after,pre_sum,aft_sum,p,q,surprise,surprise_rank,ep,ep_sum,lag_ep_sum,surprise_sum,overall_dim_surprise_rank
channel,organic,1624032,1656180,3056814,3121483,0.531282570677,0.530574730024,5.1231e-08,12,0.49711608344,0.888617421021,0.391501337581,1.054355e-06,1
channel,googleadwords_int,859705,885023,3056814,3121483,0.281242169134,0.28352645201,1.003124e-06,1,0.391501337581,0.391501337581,0.391501337581,1.054355e-06,1
region,Area_IN,1119484,1143835,3056814,3121483,0.366225750078,0.36643960579,6.777e-09,24,0.376548268877,0.376548268877,0.376548268877,6.777e-09,2